{"1": {"None": 0.7388550043106079, "l1": 38.981788635253906, "l2": 69.38285827636719, "l1_ampfreq": 459.8565368652344, "elecs": 22.955882352941178}, "2": {"None": 0.744099497795105, "l1": 39.59225845336914, "l2": 70.89682006835938, "l1_ampfreq": 462.23663330078125, "elecs": 23.074626865671643}, "3": {"None": 1.081526279449463, "l1": 69.11833953857422, "l2": 130.74038696289062, "l1_ampfreq": 742.5520629882812, "elecs": 37.0735294117647}, "4": {"None": 0.7417100667953491, "l1": 40.2867431640625, "l2": 72.23063659667969, "l1_ampfreq": 468.6205139160156, "elecs": 23.393939393939394}, "5": {"None": 0.7402828335762024, "l1": 39.61534881591797, "l2": 70.17357635498047, "l1_ampfreq": 469.85791015625, "elecs": 23.455882352941178}, "6": {"None": 0.726577877998352, "l1": 37.96212387084961, "l2": 67.28483581542969, "l1_ampfreq": 447.99932861328125, "elecs": 22.363636363636363}, "7": {"None": 0.9924061894416809, "l1": 60.015960693359375, "l2": 112.38993072509766, "l1_ampfreq": 653.93359375, "elecs": 32.64705882352941}, "8": {"None": 0.6924720406532288, "l1": 39.39638137817383, "l2": 68.90762329101562, "l1_ampfreq": 476.40679931640625, "elecs": 23.785714285714285}, "9": {"None": 0.9160447716712952, "l1": 58.915523529052734, "l2": 109.26940155029297, "l1_ampfreq": 651.685302734375, "elecs": 32.53846153846154}, "10": {"None": 0.7083028554916382, "l1": 54.235939025878906, "l2": 100.1014175415039, "l1_ampfreq": 609.9837036132812, "elecs": 30.463768115942027}, "11": {"None": 0.9938823580741882, "l1": 58.718379974365234, "l2": 109.81868743896484, "l1_ampfreq": 641.9030151367188, "elecs": 32.04545454545455}, "12": {"None": 0.7472125291824341, "l1": 39.420719146728516, "l2": 70.57413482666016, "l1_ampfreq": 460.14111328125, "elecs": 22.96969696969697}, "13": {"None": 0.8929174542427063, "l1": 56.62700271606445, "l2": 103.50750732421875, "l1_ampfreq": 644.0357666015625, "elecs": 32.15714285714286}, "14": {"None": 0.6887933611869812, "l1": 37.834415435791016, "l2": 66.43569946289062, "l1_ampfreq": 455.3156433105469, "elecs": 22.73134328358209}, "15": {"None": 0.8137607574462891, "l1": 55.82128143310547, "l2": 103.14323425292969, "l1_ampfreq": 625.888427734375, "elecs": 31.253731343283583}, "16": {"None": 0.5736097693443298, "l1": 36.97892379760742, "l2": 64.123779296875, "l1_ampfreq": 454.7765197753906, "elecs": 22.71014492753623}, "17": {"None": 0.5475636720657349, "l1": 35.77602005004883, "l2": 60.89385986328125, "l1_ampfreq": 439.6903991699219, "elecs": 21.957142857142856}, "18": {"None": 0.8463194370269775, "l1": 55.915283203125, "l2": 103.94698333740234, "l1_ampfreq": 618.8463745117188, "elecs": 30.9}, "19": {"None": 0.9783278703689575, "l1": 57.451168060302734, "l2": 107.47492980957031, "l1_ampfreq": 626.4329223632812, "elecs": 31.272727272727273}, "20": {"None": 0.5231205821037292, "l1": 41.63982391357422, "l2": 72.24239349365234, "l1_ampfreq": 509.09454345703125, "elecs": 25.428571428571427}, "21": {"None": 0.657526433467865, "l1": 56.34645080566406, "l2": 102.02555847167969, "l1_ampfreq": 651.833984375, "elecs": 32.55882352941177}, "22": {"None": 0.536082923412323, "l1": 36.19853591918945, "l2": 63.42430114746094, "l1_ampfreq": 438.2503967285156, "elecs": 21.885714285714286}, "23": {"None": 0.678295373916626, "l1": 38.09935760498047, "l2": 66.44332885742188, "l1_ampfreq": 461.5738525390625, "elecs": 23.044776119402986}, "24": {"None": 0.728955090045929, "l1": 38.23241424560547, "l2": 67.87419891357422, "l1_ampfreq": 449.8198547363281, "elecs": 22.454545454545453}, "25": {"None": 0.2883242964744568, "l1": 32.625770568847656, "l2": 31.766185760498047, "l1_ampfreq": 672.527099609375, "elecs": 33.61194029850746}, "26": {"None": 0.1883428394794464, "l1": 17.55167579650879, "l2": 16.487903594970703, "l1_ampfreq": 378.39727783203125, "elecs": 18.91044776119403}, "27": {"None": 0.22352392971515656, "l1": 26.175378799438477, "l2": 25.183773040771484, "l1_ampfreq": 548.9191284179688, "elecs": 27.434782608695652}, "28": {"None": 0.1886417269706726, "l1": 17.945608139038086, "l2": 16.924976348876953, "l1_ampfreq": 384.96478271484375, "elecs": 19.238805970149254}, "29": {"None": 0.28841525316238403, "l1": 30.541671752929688, "l2": 32.086002349853516, "l1_ampfreq": 588.34814453125, "elecs": 29.402985074626866}, "30": {"None": 0.3987698554992676, "l1": 28.53984260559082, "l2": 41.83977508544922, "l1_ampfreq": 410.25384521484375, "elecs": 20.492753623188406}, "all": {"None": 0.6612484455108643, "l1": 42.54413604736328, "l2": 73.23710632324219, "l1_ampfreq": 530.0464477539062, "elecs": 26.46925725528775}}